title,year,rating,genre,synopsis
Um Sonho de Liberdade,1994,9.3,Drama,"Dois homens presos se reúnem ao longo de vários anos, encontrando consolo e eventual redenção através de atos de decência comum."
O Poderoso Chefão,1972,9.2,Drama,O patriarca idoso de uma dinastia do crime organizado transfere o controle de seu império clandestino para seu filho relutante.
Batman: O Cavaleiro das Trevas,2008,9.1,"Ação, Drama, Suspense","Agora com a ajuda do tenente Jim Gordon e do promotor público Harvey Dent, Batman tem tudo para banir o crime de Gotham City de uma vez por todas. Mas em breve, os três serão vítimas do Coringa, que pretende lançar Gotham em uma anarquia."
O Poderoso Chefão: Parte II,1974,9.0,Drama,"O início da vida e da carreira de Vito Corleone na década de 1920 em Nova York, enquanto seu filho, Michael, expande e fortalece seu controle sobre o sindicato do crime."
12 Homens e uma Sentença,1957,9.0,Drama,"O julgamento de um assassinato em Nova Iorque é frustrado por um único membro, cujo ceticismo força o júri a considerar cuidadosamente as evidências antes de dar o veredito."
O Senhor dos Anéis: O Retorno do Rei,2003,9.0,"Aventura, Drama",Gandalf e Aragorn lideram o Mundo dos Homens contra o exército de Sauron para desviar o olhar de Frodo e Sam quando eles se aproximam á Montanha da Perdição com o Um Anel.
A Lista de Schindler,1993,9.0,"Biografia, Drama, História","Na Polônia ocupada pelos alemães durante a Segunda Guerra Mundial, o industrial Oskar Schindler começa a se preocupar com seus trabalhadores judeus depois de testemunhar sua perseguição pelos nazistas."
Pulp Fiction: Tempo de Violência,1994,8.8,Drama,"As vidas de dois assassinos da máfia, um boxeador, um gângster e sua esposa, e um par de bandidos se entrelaçam em quatro histórias de violência e redenção."
O Senhor dos Anéis: A Sociedade do Anel,2001,8.9,"Aventura, Drama, Fantasia",Um manso hobbit do Condado e oito companheiros partem em uma jornada para destruir o poderoso Um Anel e salvar a Terra-média das Trevas.
Três Homens em Conflito,1966,8.8,Aventura,Um impostor se junta com dois homens para encontrar fortuna num remoto cemitério.
Forrest Gump: O Contador de Histórias,1994,8.8,"Drama, Romance","Os governos dos presidentes Kennedy e Johnson, os eventos do Vietnã e Watergate e outras histórias são mostradas através da perspectiva de um homem do Alabama com baixo quociente intelectual."
O Senhor dos Anéis: As Duas Torres,2002,8.8,"Aventura, Drama, Fantasia","Enquanto Frodo e Sam estão perto de Mordor com a ajuda de Gollum, a divida comunhão luta contra Saruman e os Isengards."
Clube da Luta,1999,8.8,"Drama, Suspense",Um trabalhador de escritório e um fabricante de sabonetes formam um clube de luta clandestino que evolui para algo muito maior.
A Origem,2010,8.8,"Ação, Aventura, Ficção científica, Suspense",Um ladrão que rouba segredos corporativos através da tecnologia de entrar no subconsciente recebe a tarefa inversa de plantar uma idéia na mente do diretor de uma grande empresa.
Star Wars: Episódio V - O Império Contra-Ataca,1980,8.7,N/A,"Depois que a Aliança Rebelde é dominada pelo Império, Luke Skywalker começa seu treinamento Jedi com Yoda, enquanto seus amigos são perseguidos por toda a galáxia por Darth Vader e pelo caçador de recompensas Boba Fett."
Matrix,1999,8.7,"Ação, Ficção científica",Um hacker aprende com os misteriosos rebeldes sobre a verdadeira natureza de sua realidade e seu papel na guerra contra seus controladores.
Os Bons Companheiros,1990,8.7,"Biografia, Drama","A historia do Henry Hill e sua vida na máfia, sua relação com sua esposa Karen Hill e seus colegas da máfia Jimmy Conway e Tommy DeVito no sindicato italo-americano do crime."
Interestelar,2014,8.7,"Aventura, Drama, Ficção científica","Uma equipe de exploradores viaja através de um buraco de minhoca no espaço, na tentativa de garantir a sobrevivência da humanidade."
Um Estranho no Ninho,1975,8.7,Drama,"Um criminoso alega insanidade para ser enviado a um centro de saúde mental, onde se rebela contra a opressiva enfermeira e mobiliza os pacientes a quem ela atemoriza."
Seven - Os Sete Crimes Capitais,1995,8.6,"Drama, Mistério","Dois detetives, um novato e um veterano, perseguem um assassino em série que usa os sete pecados capitais como motivos."
A Felicidade Não se Compra,1946,8.6,"Drama, Família, Fantasia, Romance","Um anjo é enviado dos céus para ajudar um homem de negócios desesperado em sua frustração, e mostra a ele como seria a vida se nunca tivesse existido."
O Silêncio dos Inocentes,1991,8.6,"Drama, Suspense","Uma jovem deve receber a ajuda de um assassino canibal manipulador e preso para ajudar a capturar outro assassino em série, um louco que ataca suas vítimas."
Os Sete Samurais,1954,8.6,"Ação, Drama",Uma aldeia pobre sob a ameaça de bandidos recruta sete samurais para ajudá-los a se defenderem.
O Resgate do Soldado Ryan,1998,8.6,"Drama, Guerra","Depois de chegar a Normandía, um grupo de soldados precisa encontrar o único irmão vivo de três que morreram na guerra."
À Espera de um Milagre,1999,8.6,"Drama, Fantasia, Mistério","As vidas dos guardas de corredor da morte são afetadas por um dos detidos: um homem afro-americano acusado pelo assassinato e estupro de uma criança, mas com um presente misterioso."
Cidade de Deus,2002,8.6,Drama,"Os caminhos de duas crianças divergem nas favelas do Rio, enquanto um se esforça para se tornar um fotógrafo e o outro um chefe do tráfico."
A Vida é Bela,1997,8.6,"Comédia, Drama, Guerra, Romance","Quando um bibliotecário judeu e seu filho se tornarem vítimas do Holocausto, ele usará uma mistura perfeita de vontade, humor e imaginação para proteger seu filho dos perigos do campo de concentração."
O Exterminador do Futuro 2: O Julgamento Final,1991,8.6,"Ação, Aventura, Ficção científica","Um ciborgue, idêntico ao que falhou em matar Sarah Connor, agora deve proteger o filho de dez anos dela, John, de um ciborgue ainda mais avançado e poderoso."
Star Wars: Episódio IV - Uma Nova Esperança,1977,8.6,Ação,"Luke Skywalker une forças com um cavaleiro Jedi, um piloto arrogante, um Wookiee e dois andróides para salvar a galáxia da estação de batalha destruidora do Império, enquanto tenta resgatar a Princesa Leia do misterioso Darth Vader."
De Volta para o Futuro,1985,8.5,"Aventura, Comédia, Ficção científica","Marty McFly viaja para 1955 com a máquina do tempo do cientista Dr. Brown. Ele deve garantir que seus pais se apaixonem, para não arriscar sua própria existência."
A Viagem de Chihiro,2001,8.6,"Animação, Aventura, Família, Fantasia","Uma garota é obrigada a mudar de cidade com seus pais contra a sua vontade. Durante a viagem, eles decidem pegar um atalho e se perdem, chegando a um estranho edifício, onde adentrarão um misterioso mundo de monstros e espíritos."
O Pianista,2002,8.5,"Biografia, Drama, Guerra",Um musico judeu luta para sobreviver a destruição de Varsóvia durante a segunda guerra mundial.
Gladiador,2000,8.5,"Ação, Aventura, Drama",Um general romano planeja a melhor vingança contra o imperador corrupto que matou sua familia e o fez escravo.
Parasita,2019,8.5,"Drama, Suspense","Desempregados, a família de Ki-taek (Song Kang-ho) nutre um interesse peculiar pela família Park até que eles se veem presos em um inesperado incidente."
Psicose,1960,8.5,"Drama, Mistério, Suspense","Uma secretária de Phoenix desvia dinheiro de um cliente de sua empresa, foge e vai a um motel remoto gerido por um jovem sob o domínio da mãe."
O Rei Leão,1994,8.5,"Animação, Aventura, Drama, Família, Musical",Um pequeno lion é obrigado por seu tío a fugir de casa e anos depois se da conta da sua identidade e suas responsabilidades.
Túmulo dos Vagalumes,1988,8.5,"Animação, Drama, Guerra",Um menino e sua irmã tentam sobreviver no Japão durante a Segunda Guerra Mundial.
Os Infiltrados,2006,8.5,"Drama, Suspense",Um policial disfarçado e um espião estão tentando se identificar enquanto se infiltram em uma gangue irlandesa no sul de Boston.
Whiplash: Em Busca da Perfeição,2014,8.5,Drama,Um jovem e promissor baterista se matricula em um conservatório de música onde seus sonhos são guiados por um instrutor que não pára por nada para perceber o potencial de um aluno.
Harakiri,1962,8.6,"Drama, Mistério","Um velho samurai ronin chega à casa de um senhor feudal e pede um lugar honroso para cometer suicídio. Mas quando o ronin pede um samurai mais jovem que chegou antes, os eventos seguem um curso inesperado."
O Grande Truque,2006,8.5,"Drama, Ficção científica, Mistério, Suspense","Depois de um trágico acidente, dois magos do palco se engajam em uma batalha para criar a ilusão final enquanto sacrificam tudo o que têm para enganar um ao outro."
A Outra História Americana,1998,8.5,Drama,Um neonazista tenta evitar que seu irmão mais novo tome o mesmo caminho errado que ele.
O Profissional,1994,8.5,"Ação, Drama, Suspense","Mathilda, uma menina de 12 anos é levada por Léon, um assassino profissional, depois que sua família é assassinada. Léon e Mathilda formam uma relação incomum, desde que ela se torna sua protegida."
Homem-Aranha: Através do Aranhaverso,2023,8.5,"Ação, Animação, Aventura, Família, Fantasia","Viajando pelo multiverso, Miles Morales conhece um novo time de Pessoas-Aranha, formado por heróis de diversas dimensões. Mas quando os heróis entram em conflito sobre como lidar com uma nova ameaça, Miles se vê em um impasse."
Casablanca,1942,8.5,"Drama, Guerra, Romance",O proprietário cético de uma boate protege um antigo amor e seu marido dos nazistas no Marrocos.
Cinema Paradiso,1988,8.5,"Drama, Romance","Um diretor de cinema lembra como, em sua infância, ele se apaixonou pelo cinema de sua cidade e iniciou uma profunda amizade com o projecionista."
Intocáveis,2011,8.5,"Comédia, Drama","Depois de ficar tetraplégico num acidente, um aristocrata contrata um jovem de um bairro pobre para cuidar dele."
Os Suspeitos,1995,8.5,"Drama, Mistério","O único sobrevivente conta os torcidos eventos duma luta com pistolas num bote, quanfo cinco criminais eram levados pela polícia."
Alien - O 8º Passageiro,1979,8.5,Ficção científica,"Depois de investigar uma transmissão misteriosa de origem desconhecida, a tripulação de uma nave espacial comercial encontra uma forma de vida mortal."
Tempos Modernos,1936,8.5,"Comédia, Drama, Romance",Um vagabundo luta para viver na sociedade industrial moderna com a ajuda de uma jovem.
Janela Indiscreta,1954,8.5,"Drama, Mistério, Suspense",Um fotógrafo em uma cadeira de rodas espiona seus vizinhos pela janela de seu apartamento e está convencido de que um deles cometeu um assassinato.
Django Livre,2012,8.5,N/A,"Com a ajuda de um caçador de recompensas alemão, um escravo libertado sai para resgatar sua esposa de um brutal dono de uma plantação no Mississipi."
Era uma Vez no Oeste,1968,8.5,Drama,Um misterioso estranho se junta com um bandido para proteger a uma viúva.
Luzes da Cidade,1931,8.5,"Comédia, Drama, Romance","Com a ajuda de um homem rico, bêbado e imprevisível, um vagabundo ingênuo que se apaixonou por uma florista cega tenta conseguir dinheiro para fornecer ajuda médica."
Apocalypse Now,1979,8.4,"Drama, Guerra, Mistério",Um oficial do exército dos Estados Unidos no Vietnã é encarregado de assassinar a um coronel que acredita ser um deus.
WALL·E,2008,8.4,"Animação, Aventura","Num futuro distante, um pequeno robô faz uma viagem que decidirá o destino da humanidade."
Amnésia,2000,8.4,"Drama, Mistério, Suspense",Um homem com perda da memória de curto prazo tenta investigar o homicídio da sua esposa.
Duna: Parte 2,2024,8.5,"Ação, Aventura, Drama, Ficção científica","Diante da difícil escolha entre o amor de sua vida e o destino do universo conhecido, Paul Atreides, agora ao lado de Chani e dos Fremen, dará tudo de si para evitar o futuro terrível que só ele pode prever."
Os Caçadores da Arca Perdida,1981,8.4,"Ação, Aventura","Em 1936 o archeologista e aventurero Indiana Jones é contratado pelo governo dos Estados Unidos para procurar pelo Pacto da Arca, antes que os nazis o tenham primeiro."
Vingadores: Guerra Infinita,2018,8.4,"Ação, Aventura, Ficção científica",Os Vingadores e seus aliados deverão sacrificar tudo em uma tentativa de derrotar o poderoso Thanos antes que sua explosão de devastação ponha fim ao universo.
A Vida dos Outros,2006,8.4,"Drama, Mistério, Suspense","Em 1984, em Berlim Oriental, um agente da polícia secreta que cuida de um escritor e sua mulher se vê cada vez mais absorvido em suas vidas."
Crepúsculo dos Deuses,1950,8.4,Drama,Um roteirista estabelece uma relação com uma fracasada estrela de cinema que quer voltar aos filmes.
Homem-Aranha: No Aranhaverso,2018,8.4,Ação,O adolescente Miles Morales se torna o Homem-Aranha de seu universo e deve se juntar a cinco indivíduos com poderes de aranha de outras dimensões para impedir uma ameaça para todas as realidades.
Testemunha de Acusação,1957,8.4,"Drama, Mistério, Suspense",Um veterano advogado britânico deve defender seu cliente em um julgamento de assassinato que tem surpresa após surpresa.
Glória Feita de Sangue,1957,8.4,"Drama, Guerra","Depois de se recusar a atacar uma posição inimiga, um general acusa os soldados da covardia e seu comandante deve defendê-los."
O Iluminado,1980,8.4,Drama,"Uma família se dirige a um hotel isolado para o inverno, onde uma presença sinistra influencia a violência do pai, enquanto seu filho psíquico vê presságios horríveis do passado e do futuro."
O Grande Ditador,1940,8.4,"Comédia, Drama, Guerra",O ditador Adenoid Hynkel tenta expandir seu império enquanto um pobre barbeiro judeu tenta evitar a perseguição por seu regime.
Bastardos Inglórios,2009,8.4,"Aventura, Drama, Guerra","Na França ocupada pelos nazistas durante a Segunda Guerra Mundial, um plano para assassinar líderes nazistas por parte de um grupo de soldados judeus dos EUA coincide com os planos de vingança da dona de uma sala de cinema."
Repetente,2023,8.7,"Biografia, Drama",A história da vida real do oficial do IPS Manoj Kumar Sharma e do oficial do IRS Shraddha Joshi.
Aliens: O Resgate,1986,8.4,"Ação, Aventura, Ficção científica",Ellen Ripley é salvada depois de estar dormida por 57 anos. A luna que o Nostromo visitou foi colonizada mas o contado se perdeu.
Batman: O Cavaleiro das Trevas Ressurge,2012,8.4,"Ação, Drama, Suspense","Passaram-se oito anos desde a morte de Harvey Dent e o Batman, ao assumir a culpa pela morte do promotor, desapareceu. Agora, ele terá de lidar com a chegada da Mulher Gato e de Bane em Gotham City."
Viva: A Vida é uma Festa,2017,8.4,"Animação, Aventura, Drama, Família, Fantasia, Mistério","O aspirante a músico Miguel, confrontado com a proibição ancestral da música pela sua família, entra na Terra dos Mortos para encontrar o seu tataravô, um cantor lendário."
Amadeus,1984,8.4,"Biografia, Drama","A vida, sucessos e tribulações de Wolfgang Amadeus Mozart de acordo com Antonio Salieri, um compositor que era contemporâneo, que sempre teve ciúmes dele e que alegou tê-lo matado."
Vingadores: Ultimato,2019,8.4,"Ação, Aventura, Ficção científica","Após os eventos devastadores de Vingadores: Guerra Infinita, o universo está em ruínas. E com a ajuda de aliados, os Vingadores se reúnem para desfazer as ações de Thanos e restaurar a ordem."
Gênio Indomável,1997,8.3,"Drama, Romance","Will Hunting, um zelador de uma universidade, tem habilidades para a matemática, mas precisa da ajuda de um psicólogo para encontrar seu propósito."
Toy Story,1995,8.3,"Animação, Aventura, Comédia, Família, Fantasia","Um boneco cowboy fica ciumento quando um novo boneco astronauta se torna o brinquedo principal no quarto de um menino. Quando as circunstâncias os separam de seu dono, os dois precisam esquecer suas diferenças para voltar para ele."
Céu e Inferno,1963,8.4,"Drama, Mistério, Suspense",Um executivo de uma empresa de calçados torna-se vítima de extorsão quando o filho de seu motorista é sequestrado e retido para resgate.
Oldboy,2003,8.3,"Ação, Drama, Mistério, Suspense","Depois de ter sido raptado e preso por quinze anos, Oh Dae-Su é libertado, e descobre que tem 5 dias para encontrar seu sequestrador."
Dr. Fantástico,1964,8.3,"Comédia, Guerra",Um general alienado provoca um potencial holocausto nuclear que uma sala de guerra cheia de políticos e generais tenta freneticamente parar.
O Barco: Inferno no Mar,1981,8.4,"Drama, Guerra","O mundo claustrofóbico de um submarino da Segunda Guerra Mundial, cheio de tédio, sujeira e terror."
Coração Valente,1995,8.3,"Biografia, Drama, Guerra","Quando sua noiva en segredo é assassinada, William Wallace comença uma revolta contra o rey Eduardo I da Inglaterra."
Your Name,2016,8.4,"Animação, Drama, Fantasia, Romance","Dois estranhos estão ligados de uma maneira bizarra, mais quando uma conexão é formada, a distância será a única coisa que os manterá separados?"
Princesa Mononoke,1997,8.3,N/A,Um príncipe sofre com uma maldição mortal e parte em busca da cura. Ele acaba indo parar no meio da batalha entre uma cidade mineradora e os animais da floresta.
Beleza Americana,1999,8.3,Drama,Um pai sexualmente frustrado tem uma crise existencial depois de conhecer a melhor amiga da sua filha.
3 Idiotas,2009,8.4,"Comédia, Drama","Dois amigos procuram seu companheiro perdido. Eles se lembram de seus dias de faculdade e como seu amigo os inspirou a pensar de maneira diferente, mesmo quando o resto do mundo os chamava idiotas."
Coringa,2019,8.3,"Drama, Suspense",Um comediante falido enlouquece e se torna um assassino psicopata.
Cafarnaum,2018,8.4,Drama,"Ao cumprir uma sentença de cinco anos por um crime violento, uma criança de 12 anos processou seus pais por negligência."
Era uma Vez na América,1984,8.3,Drama,"Dois amigos leais crescem juntos cometendo pequenos crimes nas ruas do Lower East Side, em Manhattan, mas essa parceria com o tempo se desfaz em morte e mistério."
Cantando na Chuva,1952,8.3,"Comédia, Musical, Romance",Uma produtora de cinema mudo e seu elenco enfrentam uma transição difícil para o cinema falado.
Vá e Veja,1985,8.3,"Drama, Guerra, Suspense","Depois de encontrar uma arma, um jovem se une as forças da resistença russa contra os alemães na segunda guerra mundial."
Réquiem para um Sonho,2000,8.3,Drama,As utopias causadas pelo uso de drogas em quatro pessoas de Coney Island se rompem quando seus vícios as dominam.
Star Wars: Episódio VI - O Retorno de Jedi,1983,8.3,N/A,"Depois de resgatar Han Solo de Jabba, o Hutt, a Aliança Rebelde tenta destruir a segunda Estrela da Morte, enquanto Luke luta para ajudar Darth Vader a voltar do lado negro."
Toy Story 3,2010,8.3,"Animação, Aventura, Comédia, Família, Fantasia","Os brinquedos são dados por erro a uma creche, Woody junto com os outros brinquedos tentaram voltar a casa do Andy."
A Caça,2012,8.3,Drama,"Um professor vive uma vida solitária enquanto luta pela custódia de seu filho. Sua vida melhora lentamente quando ele encontra o amor e recebe boas notícias de seu filho, mas sua sorte está prestes a mudar por uma pequena mentira inocente."
Viver,1952,8.3,Drama,"Depois de descobrir que tem câncer terminal, um burocrata tenta encontrar um sentido para sua vida."
Brilho Eterno de uma Mente sem Lembranças,2004,8.3,"Drama, Ficção científica, Romance","Quando sua relaçao se volta complicada, um casal tenta um procedimento médico para que suas memorias sejam apagadas."
Incêndios,2010,8.3,"Drama, Guerra, Mistério",Os gêmeos viajam para o Oriente Médio para descobrir sua história familiar e cumprir os últimos desejos de sua mãe.
Se Meu Apartamento Falasse,1960,8.3,Comédia,"Um homem tenta subir na empresa permitindo que seus executivos usem seu apartamento para encontros, mas surgem complicações e um romance próprio."
Lawrence da Arábia,1962,8.3,"Aventura, Biografia, Drama, Guerra","A história de T. E. Lawrence, o oficial inglês que conseguiu unir e liderar várias tribos árabes, durante a Primeira Guerra Mundial para lutar contra os turcos."
2001: Uma Odisséia no Espaço,1968,8.3,"Aventura, Ficção científica","Trás descobrir um misterioso artefato na superfície da Lua, a humanidade tenta encontrar seus origens com a ajuda da inteligença do ordernador HAL 9000."
Cães de Aluguel,1992,8.3,Suspense,"Quando um simples roubo de jóias dá errado, os criminosos sobreviventes começam a suspeitar que um deles é um informante da polícia."
Scarface,1983,8.3,Drama,"Em 1980, um imigrante cubano se torna o maior traficante de cocaína de Miami."
Fogo Contra Fogo,1995,8.3,"Ação, Drama",Um grupo de ladrões de banco suspeitam que a polícia estejam atrás deles quando deixam uma pista no seu último roubo.
Pacto de Sangue,1944,8.3,"Drama, Mistério, Suspense","Um agente de seguros se deixa convencer de um esquema de assassinato e fraude, o que desperta a suspeita de um investigador."
Intriga Internacional,1959,8.3,"Aventura, Drama, Mistério, Suspense",Um executivo de publicidade de Nova Iorque tem que fugir quando é confundido por um agente de governo.
Up: Altas Aventuras,2009,8.3,"Animação, Aventura, Comédia, Drama, Família","Carl Fredricksen, de 78 anos, viaja para a América do Sul com sua casa, inadvertidamente levando um menino com ele."
"M, o Vampiro de Dusseldorf",1931,8.3,"Mistério, Suspense","Quando a polícia de uma cidade alemã não consegue encontrar um assassino de crianças, outros criminosos decidem ajudar na caçada humana."
Cidadão Kane,1941,8.2,"Drama, Mistério","Após a morte de um magnata na indústria editorial, jornalistas correm para descobrir o significado da última palavra que ele pronunciou."
Nascido para Matar,1987,8.2,"Drama, Guerra",Um marinho dos Estados Unidos nota os deshumanizantes efeitos da guerra do Vietnã em seus colegas.
Um Corpo que Cai,1958,8.2,"Mistério, Romance, Suspense",Um ex-policial luta contra seus demônios enquanto está obcecado por uma mulher bonita.
O Fabuloso Destino de Amélie Poulain,2001,8.3,"Comédia, Romance","Amélie é uma parisiense ingênua com seu próprio senso de justiça. Ela decide ajudar as pessoas ao seu redor e, no caminho, descobre o amor."
Como Estrelas na Terra,2007,8.3,"Drama, Família","Um garoto de oito anos é acusado de ser problemático e preguiçoso, até que o novo professor de arte tem a paciência e compaixão para descobrir o verdadeiro problema por trás de suas lutas na escola."
A Separação,2011,8.3,Drama,"Um casal é confrontado com uma decisão difícil, melhorar a vida de seu filho mudando-se para outro país ou ficar no Irã e cuidar de um pai que se deteriora e com Alzheimer."
O Sol é para Todos,1962,8.3,Drama,"Atticus Finch, um advogado no sul da era da Depressão, defende um homem negro contra uma acusação de estupro imerecida, e seus filhos contra o preconceito."
Duro de Matar,1988,8.2,"Ação, Suspense","John McClane, agente do departamento de polícia de Nova York, tenta salvar sua esposa, Holly Gennaro, e outras pessoas que o terrorista alemão Hans Gruber tomou como reféns durante a festa de Natal no Nakatomi Plaza, em Los Angeles."
Indiana Jones e a Última Cruzada,1989,8.2,"Ação, Aventura","Em 1938, depois que seu pai, o professor Henry Jones, desaparece enquanto persegue o Santo Graal, o professor Henry ""Indiana"" Jones, Jr. se encontra contra os nazistas de Adolf Hitler."
Golpe de Mestre,1973,8.2,"Comédia, Drama",Dois golpistas se reúnem para obter o melhor golpe.
Laranja Mecânica,1971,8.2,Ficção científica,"No futuro, um jovem líder de gang é levado para prisão e decide ser voluntário em um experimento, mas os resultados não são os esperados."
Metrópolis,1927,8.3,"Drama, Ficção científica","Numa cidade futurística dividida entre os trabalhadores e os planejadores, o filho do maior planejador se apaixona por uma trabalhadora."
Snatch - Porcos e Diamantes,2000,8.2,Comédia,"Um ladrão amante dos jogos reúne gângsteres desprezíveis, um grupo de nômades irlandeses e uma fazenda de porcos em meio a chantagens, fraudes, boxeadores, um cão faminto e um grande diamante."
Oppenheimer,2023,8.3,"Biografia, Drama, História",A história do cientista americano J. Robert Oppenheimer e seu papel no desenvolvimento da bomba atômica.
1917,2019,8.2,"Ação, Drama, Guerra","Na Primeira Guerra Mundial, dois soldados britânicos recebem ordens aparentemente impossíveis de cumprir. Em uma corrida contra o tempo, eles precisam atravessar o território inimigo e entregar uma mensagem que pode salvar 1.600 homens."
Los Angeles: Cidade Proibida,1997,8.2,"Drama, Mistério",A corrupção cresce em Los Angeles nos anos 50. Três policiais estão investigando uma série de assassinatos com sua própria marca de justiça.
A Queda! As Últimas Horas de Hitler,2004,8.2,"Biografia, Drama, Guerra, História",O último secretário de Hitler relata seus últimos dias em seu bunker de Berlim no final da Segunda Guerra Mundial.
Ladrões de Bicicletas,1948,8.2,Drama,Na Itália da pós-guerra a bicicleta de um homem da classe trabalhadora é roubada. Ele e o filho partiram para encontrá-la.
Dangal,2016,8.3,"Ação, Biografia, Drama",O lutador Mahavir e suas filhas lutadoras procuram a gloria contra a opressão social nos jogos do Commonwealth.
O Lobo de Wall Street,2013,8.2,"Biografia, Comédia, Drama","Baseada na verdadeira história de Jordan Belfort, desde sua ascensão como corretor de valores até a sua queda e envolvimento no crime e corrupção com o governo."
Hababam Sinifi Sinifta Kaldi,1975,8.6,Comédia,A young and beautiful female teacher starts working in an all boys high school.
Green Book: O Guia,2018,8.2,"Biografia, Comédia, Drama",Um valentão ítalo-americano se torna o motorista de um pianista afro-americano em um tour no sul dos Estados Unidos nos anos sessenta.
O Show de Truman: O Show da Vida,1998,8.2,"Comédia, Drama",Um vendedor de seguros descobre que sua vida é um programa de televisão.
Hamilton,2020,8.3,"Biografia, Drama, História, Musical","A vida de um dos maiores fundadores e primeiro secretário do Tesouro da América, Alexander Hamilton."
Taxi Driver: Motorista de Táxi,1976,8.2,Drama,"Um veterano de guerra mentalmente instável trabalha à noite como taxista na cidade de Nova York, onde a decadência e o desprezo alimentam seu desejo de ação violenta."
Batman Begins,2005,8.2,"Ação, Drama, Suspense","Após testemunhar a morte dos pais, o bilionário Bruce Wayne aprende a arte de lutar para confrontar a injustiça. Quando ele retorna a Gotham como Batman, ele deve deter uma sociedade secreta que pretende destruir a cidade."
Por uns Dólares a Mais,1965,8.2,Drama,Dois caçadores de recompensas com as mesmas intenções se reúnem para encontrar um criminoso ocidental.
Julgamento em Nuremberg,1961,8.3,"Drama, Guerra, História","Em 1948, um tribunal dos Estados Unidos na Alemanha ocupada julga quatro nazistas por crimes de guerra."
Ilha do Medo,2010,8.2,"Drama, Mistério, Suspense","Em 1954, um policial federal dos Estados Unidos investiga o desaparecimento de um assassino que escapou de um hospital psiquiátrico."
Quanto Mais Quente Melhor,1959,8.2,"Comédia, Romance","Dos músicos son testigos de un crimen y se dan a la fuga disfrazados de mujeres en una banda femenina, pero las cosas se complican."
Jurassic Park: O Parque dos Dinossauros,1993,8.2,"Ação, Aventura, Ficção científica, Suspense","Um milionário traz à vida dinossauros extintos há milhares de anos, criando um imenso parque. Mas os gigantes pré-históricos começam a ameaçar a vida dos visitantes."
O Garoto,1921,8.2,"Comédia, Drama, Família","Um mendigo cuida de uma criança abandonada, mas os eventos ameaçam esse relacionamento."
Meu Pai,2020,8.2,"Drama, Mistério","Um homem recusa toda a ajuda de sua filha à medida que envelhece. Enquanto ele tenta entender o que está acontecendo ao seu redor, ele começa a duvidar dos seus entes queridos, da sua mente e até mesmo da estrutura de sua realidade."
A Malvada,1950,8.2,Drama,"Uma ingênua se insinua na vida de uma atriz de teatro, e de seu círculo de amigas de teatro."
Sangue Negro,2007,8.2,Drama,"Uma história sobre familia, religião, ódio e loucura, centrada na vida de um explorador de petróleo nos primeiros anos do negócio."
O Sexto Sentido,1999,8.2,"Drama, Mistério, Suspense",Um menino que consegue se comunicar com espíritos encontra ajuda de um psicólogo.
Ran,1985,8.2,"Ação, Drama, Guerra","No Japão medieval, um senhor feudal decide abdicar e entregar seus domínios aos seus três filhos. Mas ele não é capaz de ver que esses novos poderes irão corrompê-los e levá-los a enfrentar um ao outro, e contra ele."
Cassino,1995,8.2,Drama,"Uma história de ganância, dinheiro e assassinato acontece entre dois melhores amigos: um mafioso e um executivo de cassino, que competem uns com os outros por um império de jogo e pelo amor de uma socialite."
Top Gun: Maverick,2022,8.2,"Ação, Drama","Após mais de trinta anos de serviço como um dos melhores aviadores da Marinha, Pete Mitchell está onde pertence, ultrapassando os limites como um piloto de teste intrépido e evitando a promoção de posto que o manteria em terra."
Onde os Fracos Não Têm Vez,2007,8.2,"Drama, Suspense",Violência e caos surgem quando um caçador se depara com uma negociação de drogas que deu errado e mais de dois milhões de dólares perto do Rio Grande.
O Enigma de Outro Mundo,1982,8.2,"Ficção científica, Mistério",Uma equipe de pesquisa na Antártica é caçada por um alienígena que muda de forma e assume a aparência de suas vítimas.
Os Imperdoáveis,1992,8.2,Drama,"O atirador do Velho Oeste, William Munny, relutantemente aceita um último trabalho com a ajuda de seu antigo amigo e um jovem."
O Labirinto do Fauno,2006,8.2,"Drama, Fantasia, Guerra","Na Espanha de 1944, a filha dum oficial do exército escapa a um mundo de fantasia."
Kill Bill: Volume 1,2003,8.2,"Ação, Suspense","Depois de despertar de um coma de quatro anos, uma antiga assassina busca vingança contra o grupo de assassinos que a traiu."
Uma Mente Brilhante,2001,8.2,"Biografia, Drama, Mistério",A vida do brilhante mas insociável matemático John Nash muda quando ele aceita um trabalho secreto em criptografia.
Os Suspeitos,2013,8.2,"Drama, Mistério, Suspense","Quando a filha de Keller Dover e sua amiguinha desaparecem, ele decide investigar o caso por sua conta enquanto a polícia segue múltiplas pistas e a pressão para resolver o caso aumenta."
O Tesouro da Sierra Madre,1948,8.2,"Aventura, Drama",Dois americanos em busca de trabalho no México convencem um homem a ajudá-los a extrair ouro nas montanhas da Serra Madre.
Procurando Nemo,2003,8.2,"Animação, Aventura, Comédia, Família","Quando seu filho é capturado, um peixe-palhaço tímido embarca em uma viagem para trazê-lo para casa."
"Yojimbo, o Guarda-Costas",1961,8.2,"Ação, Drama, Suspense",Um astuto ronin chega a uma cidade dividida por duas quadrilhas criminosas e decide se confrontar para libertar a cidade.
O Castelo Animado,2004,8.2,"Animação, Aventura, Família, Fantasia",Uma jovem sem autoconfiança é amaldiçoada com um corpo envelhecido por uma bruxa odiosa. Sua única chance de quebrar o feitiço é um jovem feiticeiro em um castelo itinerante.
O Melhor da Juventude,2003,8.4,"Drama, Romance","Um épico italiano que segue a vida de dois irmãos, das décadas de 1960 a 2000."
Fugindo do Inferno,1963,8.2,"Aventura, Drama, Guerra, Suspense",Prisioneiros de guerra aliados planejam uma fuga maciça de um campo alemão durante a Segunda Guerra Mundial.
Monty Python em Busca do Cálice Sagrado,1975,8.2,"Aventura, Comédia, Fantasia","O Rei Arthur e seus Cavaleiros da Távola Redonda embarcam em uma busca surrealista e de baixo orçamento pelo Santo Graal, encontrando múltiplos obstáculos estúpidos."
O Homem Elefante,1980,8.2,"Biografia, Drama","Um cirurgião vitoriano resgata um homem gravemente desfigurado que é maltratado enquanto tenta sobreviver como uma atração de circo. Por trás de sua aparência monstruosa, revela-se uma pessoa de bondade, inteligência e sofisticação."
Klaus,2019,8.2,"Animação, Aventura, Comédia, Família, Fantasia","Um simples ato de bondade sempre provoca outro, mesmo em um lugar gelado e distante. Quando o novo carteiro de Smeerensburg faz amizade com o fabricante de brinquedos Klaus, seus presentes derreteram uma antiga inimizade."
Disque M para Matar,1954,8.2,"Drama, Mistério, Suspense","Um ex-tenista decide matar a esposa para herdar o dinheiro dela e se vingar de um caso que ela havia tido. A fim de se livrar de culpas, usa um antigo colega de faculdade. Mas as coisas não vão correr como estava planeado."
...E o Vento Levou,1939,8.2,"Drama, Guerra, Romance",Uma jovem sulista e manipuladora e um aventureiro oportunista se enfrentam em um romance turbulento enquanto a sociedade ao seu redor desmorona com o fim da escravidão e é reconstruída durante os períodos da Guerra Civil e da Reconstrução.
O Segredo dos Seus Olhos,2009,8.2,Drama,"Um assessor jurídico aposentado escreve um romance com a esperança de fechar um de seus antigos casos de homicídio, que permanece sem solução, e superar o amor não correspondido que sentia por seu chefe. Décadas depois, ambas as memórias continuam a persegui-lo."
Chinatown,1974,8.1,"Drama, Mistério, Suspense","Um detetive particular contratado para desmascarar um adúltero é pego em uma teia de fraude, corrupção e assassinato."
"Jogos, Trapaças e Dois Canos Fumegantes",1998,8.1,Comédia,"Um jogo de cartas em Londres desencadeia um confronto entre quatro amigos, plantadores de maconha, agiotas e cobradores de dívidas em uma série de eventos curiosos, tudo por algo de maria, dinheiro e duas pistolas antigas."
V de Vingança,2005,8.1,"Ação, Drama, Ficção científica, Suspense","Em um futuro da tirania britânica, um lutador clandestino conhecido como V trama um plano para derrubá-la com a ajuda de uma jovem mulher."
Rashomon,1950,8.1,"Drama, Mistério","A violação de uma noiva e o assassinato de seu marido samurai são lembrados desde a perspectiva de um bandido, da noiva, do fantasma do samurai e de um lenhador."
Divertida Mente,2015,8.1,"Animação, Aventura, Comédia, Drama, Família","Depois que a jovem Riley é arrancada de sua vida no Centro-Oeste e se muda para São Francisco, suas emoções - Alegria, Medo, Raiva, Nojinho e Tristeza - entram em conflito sobre a melhor forma de navegar em uma nova cidade, casa e escola."
Três Anúncios para um Crime,2017,8.1,"Comédia, Drama",Uma mãe desafia pessoalmente as autoridades locais para resolver o assassinato de sua filha.
Prenda-Me se for Capaz,2002,8.1,"Biografia, Drama","Um agente do FBI persegue Frank Abagnale, que antes de seus 19 anos consegue ganhar milhões de dólares fingindo ser um piloto, um médico e um advogado."
Trainspotting: Sem Limites,1996,8.1,Drama,"Renton, profundamente imerso no mundo das drogas em Edimburgo, tenta sair do ambiente apesar da má influência dos amigos."
A Ponte do Rio Kwai,1957,8.1,"Aventura, Drama, Guerra","Depois de resolver suas diferenças com um japonês, o comandante do campo, um coronel britânico, coopera para supervisionar a construção de uma ponte ferroviária."
Touro Indomável,1980,8.1,"Biografia, Drama","A vida do boxeador Jake LaMotta, cuja violência e temperamento que o levaram até o topo dos ringues destruíram a sua vida fora deles."
Harry Potter e as Relíquias da Morte - Parte 2,2011,8.1,"Aventura, Família, Fantasia, Mistério","Conforme a batalha entre as forças do bem e do mal no mundo bruxo aumenta de proporções, Harry Potter se aproxima cada vez mais do confronto final com Voldemort."
Fargo: Uma Comédia de Erros,1996,8.1,"Drama, Suspense",O crime de Jerry Lundegaard se desfaz devido à falta de sorte dele e de seus colegas e ao persistente trabalho polícia.
Robô Selvagem,2024,8.2,"Animação, Aventura, Família, Ficção científica","Após um naufrágio, um robô inteligente chamado Roz fica preso em uma ilha desabitada. Para sobreviver ao ambiente hostil, Roz se une aos animais da ilha e cuida de um ganso bebê órfão."
Guerreiro,2011,8.1,"Ação, Drama","O filho pequeno de um exboxer alcoólatra volta para casa, onde seu pai o treina para um torneio de artes marciais mistas."
Sociedade dos Poetas Mortos,1989,8.1,"Comédia, Drama",O professor de Inglés John Keating inspira a seus estudantes a ver a poesia duma perspectiva diferente.
Menina de Ouro,2004,8.1,Drama,Uma mulher determinada se prepara para se tornar numa pugilista profissional.
Gran Torino,2008,8.1,Drama,"Walt Kowalski, um ranzinza veterano da guerra da Coreia, tenta dar uma lição em seu vizinho quando este tentar roubar seu bem mais precioso: um Gran Torino de 1972."
Ben-Hur,1959,8.1,"Aventura, Drama","Quando um príncipe de Jerusalém é traído e enviado à escravidão por um amigo romano, ele recupera sua liberdade e retorna para se vingar."
Mad Max: Estrada da Fúria,2015,8.1,"Ação, Aventura","Em um mundo pós-apocalíptico, uma mulher se rebela contra um governante tirânico em busca de sua terra natal com a ajuda de um grupo de prisioneiras, um adorador psicótico e um nômade chamado Max."
Barry Lyndon,1975,8.1,Aventura,Um irlandês conquista o coração de uma viúva rica e assume a posição aristocrática de seu falecido marido na Inglaterra do século XVIII.
Meu Amigo Totoro,1988,8.1,"Animação, Aventura, Comédia, Família, Fantasia","Quando duas meninas se mudam para o campo para ficar perto de sua mãe doente, elas têm aventuras com os maravilhosos espíritos da floresta que moram nas proximidades."
Filhos do Paraíso,1997,8.2,"Drama, Família","Depois que uma criança perde o par de sapatos de sua irmã, ele embarca em uma série de aventuras para encontrá-los. Quando não consegue, ele tenta uma nova maneira de procurá-los."
Até o Último Homem,2016,8.1,"Biografia, Drama, Guerra, História","O médico amaericano da Segunda Guerra Mundial, Desmond T. Doss, se recusa a matar pessoas e se torna o primeiro homem na história dos Estados Unidos a receber a Medalha de Honra sem atirar um tiro."
O Grande Hotel Budapeste,2014,8.1,"Comédia, Drama","As aventuras de Gustave H, um lendário porteiro dum famoso hotel da ficcional República de Zubrowka entre a primeira y a segunda guerra mundial."
12 Anos de Escravidão,2013,8.1,"Biografia, Drama, História","Solomon Northup, um homem preto livre de Nova Iorque, é raptado e vendido como escravo."
Antes do Amanhecer,1995,8.1,"Comédia, Drama, Romance",Um jovem e uma mulher se conhecem num trem em Europa é passam uma noite juntos em Viena.
Homem-Aranha: Sem Volta para Casa,2021,8.2,"Ação, Aventura, Fantasia, Ficção científica","Com a identidade de Homem-Aranha revelada, Peter Parker pede ajuda ao Doutor Estranho. Quando um feitiço dá errado, inimigos de outros mundos começam a aparecer, forçando Peter a descobrir o que realmente significa ser o Homem-Aranha."
Blade Runner: O Caçador de Andróides,1982,8.1,"Ação, Drama, Ficção científica, Suspense",Um blade runner deve perseguir e eliminar quatro replicantes que roubaram uma nave no espaço e retornaram à Terra para encontrar seu criador.
Memórias de um Assassino,2003,8.1,"Drama, Mistério, Suspense","Em uma pequena província coreana em 1986, três detetives estão procurando o culpado de uma série de estupros e assassinatos de mulheres jovens."
Garota Exemplar,2014,8.1,"Drama, Mistério, Suspense","Desde que o desaparecimento de sua esposa se tornou o foco de um intenso circo da mídia, um homem vê como esta se concentra nele quando suspeitam que pode não ser inocente."
Ratatouille,2007,8.1,"Animação, Aventura, Comédia, Família, Fantasia",Um rato que pode cozinhar forja uma aliança incomum com um jovem garoto em um famoso restaurante em Paris.
Como Treinar o Seu Dragão,2010,8.1,"Ação, Animação, Aventura, Família, Fantasia","Um jovem e desafortunado viking que aspira a caçar dragões se torna o improvável amigo de um jovem dragão, e descobre que pode haver mais nas criaturas do que ele supunha."
Monstros S.A.,2001,8.1,"Animação, Aventura, Comédia, Família","Para poder dar electricidade a sua cidade, os monstros tem que assustar a crianças. Pensando que as crianças são perigosas para eles, dois monstros acham que as coisas podem ser diferentes."
Tubarão,1975,8.1,"Aventura, Suspense","Quando um tubarão desencadea caos numa praia, um xerife, um biologista e um marinheiro daram caça ao animal."
Em Nome do Pai,1993,8.1,"Biografia, Drama","Em 1974, uma explosão a bomba acontece em Guilford, próximo de Londres. Gerry Conlon e amigos são acusados pelo crime e presos. Giuseppe Conlon, pai de Gerry, pede ajuda à advogada Gareth Peirce, que investiga as irregularidades do caso."
Relatos Selvagens,2014,8.1,"Comédia, Drama, Suspense",Sies historias curtas que exploram o comportamento humano de pessoas desesperadas.
Em Busca do Ouro,1925,8.1,"Aventura, Comédia, Drama, Romance",Um garimpeiro vai ao Klondike em busca de ouro e encontra muito mais que isso.
Ford vs. Ferrari,2019,8.1,"Ação, Biografia, Drama","Um designer de carros e um motorista combatem a interferência corporativa, as leis da física e seus próprios demônios pessoais para construir um carro de corrida revolucionário para a Ford e desafiar a Ferrari nas 24 Horas de Le Mans em 1966."
Bancando o Águia,1924,8.1,"Ação, Comédia, Romance",Um projecionista de cinema deseja ser um detetive e coloca suas magras habilidades em prática quando um rival o incrimina por roubar o relógio de bolso do pai de sua namorada.
Mary e Max - Uma Amizade Diferente,2009,8.1,"Animação, Comédia, Drama","Relata a estranha história de uma amizade entre dois amigos por correspondência: Mary, uma garota solitária de oito anos que vive nos subúrbios de Melbourne, e Max, um homem obeso de quarenta e quatro anos que vive em Nova York."
O Franco Atirador,1978,8.1,"Drama, Guerra",Um retrato detalhado das maneiras pelas quais a Guerra do Vietnã interrompeu a vida dos habitantes de uma pequena cidade industrial na Pensilvânia.
O Salário do Medo,1953,8.1,"Aventura, Drama, Suspense","Em uma aldeia da América do Sul, quatro homens são contratados para transportar uma remessa urgente de nitroglicerina, mas sem o equipamento de segurança."
A General,1926,8.1,"Ação, Aventura, Comédia, Drama, Guerra","Uns espiões roubam a amada locomotiva de um engenheiro, ele a persegue sozinho através das linhas inimigas."
A Mulher Faz o Homem,1939,8.1,"Comédia, Drama","Um homem ingênuo é eleito para ocupar uma vaga no Senado dos Estados Unidos. Seus planos colidem rapidamente com a corrupção política, mas ele não desiste."
Logan,2017,8.1,"Ação, Drama, Ficção científica, Suspense","Em um futuro em que os mutantes estão quase extintos, um velho e cansado Logan leva uma vida tranquila. Mas quando Laura, uma garota mutante perseguida por cientistas, pede ajuda a ele, ele deve colocá-la em segurança."
Sindicato de Ladrões,1954,8.1,"Drama, Suspense","Um ex-pugilista de Nova Jersey, agora um operário portuário, luta para enfrentar seus chefes sindicais corruptos, incluindo seu irmão mais velho, enquanto começa a se conectar com a irmã de uma das vítimas do sindicato."
"Rocky, um Lutador",1976,8.1,Drama,Um boxer pouco conhecido tem uma grande oportunidade de enfrentar o campeão dos pesos pesados em uma partida em que ele esperaele espera estar à altura da tarefa e divulgar seu nome.
Morangos Silvestres,1957,8.1,"Drama, Romance","Depois de viver uma vida marcada pela frieza, um professor idoso é forçado a confrontar o vazio de sua existência."
Era uma Vez em Tóquio,1953,8.1,Drama,"Um casal de idosos viaja para Tóquio para visitar seus filhos, mas encontram indiferença, ingratidão e uma marcada diferença cultural. Quando os idosos voltam para casa, entramos em uma profunda reflexão sobre a mortalidade e a família."
O 3º Homem,1949,8.1,"Drama, Mistério, Suspense","O romancista Holly Martins viaja para sombria, Viena pós-guerra, apenas para ele mesmo investigar a misteriosa morte de um velho amigo, Harry Lime"
Spotlight: Segredos Revelados,2015,8.1,"Biografia, Drama",A verdadeira historia de como o jornal Boston Globe revelou o escândalo de abuso sexual infantil dentro da igreja católica da cidade e que agitou a toda igreja católica no mundo.
O Mistério da Lixeira,2024,8.4,"Ação, Drama, Suspense","Um barbeiro busca vingança depois que sua casa é assaltada, dizendo enigmaticamente à polícia que sua ""lakshmi"" foi levada, deixando-os incertos se é uma pessoa ou um objeto. Sua busca para recuperar a elusiva ""lakshmi"" se desenrola."
Piratas do Caribe: A Maldição do Pérola Negra,2003,8.1,"Ação, Aventura, Fantasia","O ferreiro Will Turner se une ao excêntrico pirata ""Capitão"" Jack Sparrow para salvar Elizabeth Swann, a filha do governador e seu amor, dos ex-aliados piratas de Jack, que agora são mortos-vivos."
O Exterminador do Futuro,1984,8.1,"Ação, Aventura, Ficção científica","Um assassino ciborgue do futuro tenta encontrar e matar Sarah Connor, uma garçonete que está destinada a ser a mãe de um homem que salvará a humanidade da extinção."
O Grande Lebowski,1998,8.1,Comédia,"Jeff The Dude Lebowski, foi confundido por um millonário do mesmo nome e procurará restituçao com a ajuda do seus amigos."
O Ódio,1995,8.1,Drama,24 horas na vida de três jovens nos subúrbios franceses no dia seguinte a uma rebelião violenta.
Jai Bhim,2021,8.6,Drama,"Quando um homem tribal é preso por um caso de suposto roubo, sua esposa recorre a um advogado de direitos humanos para ajudá-lo a fazer justiça."
O Sétimo Selo,1957,8.1,"Drama, Fantasia","Um homem procura respostas sobre a vida, a morte e a existência de Deus enquanto joga xadrez contra a morte durante a Morte Negra."
O Quarto de Jack,2015,8.1,"Drama, Suspense","Um menino é mantido preso em um quarto com sua mãe desde seu nascimento, por isso sua visão do mundo é muito reduzida."
Hotel Ruanda,2004,8.1,"Biografia, Drama, Guerra, História",Paul Rusesabagina era o gerente de um hotel que abrigava mais de mil refugiados tutsis durante sua luta contra a milícia hutu em Ruanda.
Platoon,1986,8.1,"Drama, Guerra","Um jovem recruta no Vietnã, se vê preso em uma batalha de vontades entre dois sargentos, um bom e outro mau. Um exame perspicaz da brutalidade da guerra e da dualidade do homem em conflito."
Os Melhores Anos de Nossas Vidas,1946,8.1,"Drama, Guerra, Romance",Três veteranos da Segunda Guerra Mundial voltam para casa na cidade pequena da América para descobrir que eles e suas famílias foram mudados irreparavelmente.
Antes do Pôr do Sol,2004,8.1,"Drama, Romance","Nove anos depois de se conhecer, o Jesse e a Celine se encontram novamente na França."
A Noviça Rebelde,1965,8.1,"Biografia, Drama, Família, Musical, Romance",Uma mulher deixa um convento austríaco para se tornar a instrutora dos filhos de um oficial da marinha viúvo.
O Exorcista,1973,8.1,N/A,"Quando uma adolescente é possuída por uma entidade misteriosa, sua mãe busca a ajuda de dois padres católicos para salvar sua vida."
Os Incríveis,2004,8.0,"Ação, Animação, Aventura, Família",Uma familia de heróis encobertos tentando viver uma vida tranquila se vem obrigados a salvar o mundo.
Sempre ao Seu Lado,2009,8.1,"Biografia, Drama, Família",Um professor universitário se liga a um cachorro abandonado que ele leva para casa.
Rush: No Limite da Emoção,2013,8.1,"Biografia, Drama",A história da rivalidade impiedosa nos anos 70 entre os rivais de Fórmula 1 James Hunt e Niki Lauda.
O Mágico de Oz,1939,8.1,"Aventura, Família, Fantasia, Musical",A Dorothy Gale é levada por um tornado até a mágica cidade de Oz e vá numa viagem com novos amigos que la ajudar a voltar para casa.
A Voz do Silêncio,2016,8.1,"Animação, Drama","Um jovem é excluído por seus colegas depois de intimidar uma menina surda ao ponto de mudar de escola. Anos depois, ele parte para o caminho da redenção."
O Martírio de Joana D'Arc,1928,8.1,"Biografia, Drama, História","Em 1431, Joana D'Arc é julgada sob acusações de heresia. Os advogados da Igreja tentam forçar Jeanne a retractar suas reivindicações de visões sagradas."
Conta Comigo,1986,8.1,"Aventura, Comédia, Drama","Depois da morte de um de seus velhos amigos, um escritor relembra sua viagem com os amigos de infância para encontrar o corpo de um menino desaparecido."
O Gigante de Ferro,1999,8.1,"Ação, Animação, Aventura","Um jovem faz amizade com um robô gigante do espaço, um paranóico agente do governo quer que seja destruído."
Meu Pai e Meu Filho,2005,8.2,"Drama, Família",A família de um jornalista de esquerda é separada após o golpe militar na Turquia em 1980.
A Criada,2016,8.1,"Drama, Romance, Suspense","Uma mulher é contratada como criada de uma herdeira japonesa, mas secretamente esta envolvida em um plano para defraudá-la."
Rede de Intrigas,1976,8.1,Drama,Uma rede de televisão explora os delírios e revelações de um homem perturbado.
A Batalha de Argel,1966,8.1,"Drama, Guerra","Nos anos 1950, o medo e a violência aumentam à medida que o povo da Argélia luta pela independência do governo francês."
As Vinhas da Ira,1940,8.1,Drama,"Uma família pobre no Centro-Oeste é forçada a abandonar suas terras. Eles viajam para a Califórnia, sofrendo os infortúnios dos sem-teto na Grande Depressão."
Ser ou Não Ser,1942,8.1,"Comédia, Guerra, Romance","Durante a ocupação nazista da Polônia, uma trupe de atuação se envolve nos esforços de um soldado polonês para rastrear um espião alemão."
Gangues de Wasseypur,2012,8.2,"Ação, Comédia, Drama, Suspense",Um confronto entre Sultão e Shahid Khan leva à expulsão de Khan de Wasseypur e acende uma rivalidade mortal que se estende por três gerações.
Na Natureza Selvagem,2007,8.0,"Aventura, Biografia, Drama","Depois de terminar a universidade, Christopher McCandless deixa pra trás suas posses e vai para o Alasca viver na natureza."
Demon Slayer: Mugen Train - O Filme,2020,8.2,"Ação, Animação","Tanjiro, Inosuke e Zenitsu são enviados pelo comando do Esquadrão de Exterminadores para uma missão no Trem Infinito, onde devem se encontrar com o Pilar das Chamas, Rengoku, e impedir um oni que está fazendo inúmeras vítimas."
Histórias Cruzadas,2011,8.1,Drama,Uma aspirante a escritora durante o movimento dos direitos civis nos anos 60 nos Estados Unidos decide escrever um livro sobre as experiências das criadas negras que trabalhavam para as famílias brancas.
Troca Surpresa,2023,8.3,"Comédia, Drama","Trocadas por acidente enquanto viajavam até a casa dos novos maridos, duas mulheres recém-casadas vivem histórias inesquecíveis."
Feitiço do Tempo,1993,8.0,"Comédia, Drama, Fantasia, Romance",Um homem vive o mesmo dia uma e outra vez.
